{
  "mse": 0.17544575035572052,
  "rmse": 0.4188624480133311,
  "mae": 0.2465420663356781,
  "r2": 0.7414308786392212,
  "kl_divergence": 0.00033600765164010227,
  "recon_loss": 0.1755821257829666,
  "total_loss": 0.17591813206672668,
  "latent_mean": [
    0.0001071786682587117,
    0.004128079861402512,
    -0.0011828395072370768,
    -0.10586453974246979,
    0.03800542280077934,
    -0.0008268290548585355,
    0.0018837535753846169,
    0.037036675959825516,
    -0.030806099995970726,
    -0.0863499715924263,
    -0.01272143330425024,
    -0.03865101933479309,
    -0.002327051479369402,
    0.07710054516792297,
    0.013318294659256935,
    0.03604067862033844,
    -0.31778186559677124,
    -0.17272494733333588,
    -0.308308482170105,
    -0.0013236835366114974,
    0.0037529326509684324,
    -0.12873472273349762,
    -0.08199377357959747,
    0.37721875309944153,
    0.0017921071266755462,
    -0.0020320159383118153,
    -0.016458729282021523,
    0.0004009387921541929,
    -0.00041043173405341804,
    -0.22559773921966553,
    0.004631407558917999,
    -0.0013580115046352148,
    -0.002847544848918915,
    -0.039485521614551544,
    -0.0021852687932550907,
    -0.0010248817270621657,
    -0.0012847796315327287,
    0.001907014986500144,
    0.0891239270567894,
    0.00045356471673585474,
    -0.07174172252416611,
    0.11051272600889206,
    -0.1521865576505661,
    -0.04987265169620514,
    -0.00072289421223104,
    0.07964698225259781,
    -0.22749784588813782,
    0.0005571960937231779
  ],
  "latent_std": [
    0.012510377913713455,
    0.23562192916870117,
    0.020430104807019234,
    0.20699553191661835,
    0.11534742265939713,
    0.013431400060653687,
    0.01518737431615591,
    0.5901075601577759,
    0.21430368721485138,
    0.4376201927661896,
    0.2927417755126953,
    0.17094860970973969,
    0.019363675266504288,
    0.17750239372253418,
    0.30471447110176086,
    0.25031381845474243,
    0.3066115975379944,
    0.31187188625335693,
    0.3601391911506653,
    0.014916421845555305,
    0.027004357427358627,
    0.18579880893230438,
    0.3876623213291168,
    0.3492627739906311,
    0.014931351877748966,
    0.2332603633403778,
    0.20028896629810333,
    0.011277708224952221,
    0.01163346879184246,
    0.8919597268104553,
    0.010669813491404057,
    0.013507449999451637,
    0.012780421413481236,
    0.19313456118106842,
    0.012922687456011772,
    0.013342222198843956,
    0.012341942638158798,
    0.028353504836559296,
    0.28193747997283936,
    0.013037140481173992,
    0.21099016070365906,
    0.26073768734931946,
    0.2650846540927887,
    0.26956984400749207,
    0.013987773098051548,
    0.2980228066444397,
    0.3291277587413788,
    0.011211143806576729
  ],
  "latent_var_mean": [
    0.8305420279502869,
    7.608749729115516e-05,
    0.8315161466598511,
    6.31775546935387e-05,
    0.0003028281207662076,
    0.8289626836776733,
    0.8345699906349182,
    0.00018866104073822498,
    0.0001466406974941492,
    6.0402369854273275e-05,
    2.599662730062846e-05,
    0.0002169750805478543,
    0.8267664313316345,
    6.400009442586452e-05,
    3.458084029261954e-05,
    3.2255109545076266e-05,
    4.7909161366987973e-05,
    3.408877455512993e-05,
    3.129017204628326e-05,
    0.8323429822921753,
    0.8283100128173828,
    0.0003938456648029387,
    2.660167774592992e-05,
    2.0657591448980384e-05,
    0.8314303159713745,
    5.9151792811462656e-05,
    0.00011752622958738357,
    0.8306496739387512,
    0.8278414011001587,
    9.100079478230327e-05,
    0.8279289603233337,
    0.8322098255157471,
    0.8390106558799744,
    9.27613873500377e-05,
    0.8311511278152466,
    0.8344736099243164,
    0.8326456546783447,
    0.835925281047821,
    5.301872079144232e-05,
    0.8327092528343201,
    9.99861877062358e-05,
    3.47252243955154e-05,
    6.949728413019329e-05,
    4.7469166020164266e-05,
    0.8296308517456055,
    4.9520593165652826e-05,
    2.3482327378587797e-05,
    0.8285099864006042
  ],
  "per_feature": {
    "feature_0": {
      "mse": 0.26780155301094055,
      "rmse": 0.5174954618264208,
      "mae": 0.2931983768939972,
      "r2": 0.6643681526184082
    },
    "feature_1": {
      "mse": 0.08336266130208969,
      "rmse": 0.2887259276582027,
      "mae": 0.1999208629131317,
      "r2": 0.8182364106178284
    }
  }
}