{
  "mse": 0.1601565182209015,
  "rmse": 0.40019559995195036,
  "mae": 0.23933449387550354,
  "r2": 0.7608389258384705,
  "kl_divergence": 0.0003830788773484528,
  "recon_loss": 0.16027866303920746,
  "total_loss": 0.1606617420911789,
  "latent_mean": [
    0.05607503652572632,
    -0.051433414220809937,
    -0.13211791217327118,
    0.00445784255862236,
    0.08400263637304306,
    0.001825928222388029,
    -0.0011995015665888786,
    0.02500886842608452,
    0.0035599914845079184,
    0.014561211690306664,
    0.014169473201036453,
    -5.458465238916688e-05,
    -0.0014670388773083687,
    -0.003447547322139144,
    0.0019197295187041163,
    0.0011795336613431573,
    0.21344758570194244,
    2.7124024200020358e-05,
    0.0012454934185370803,
    -0.0019994669128209352,
    0.0018017716938629746,
    0.0017530368641018867,
    -0.05376185104250908,
    -0.0032453699968755245,
    -0.004579639062285423,
    7.3122231697198e-05,
    -0.14632247388362885,
    -0.0969323068857193,
    0.3118080198764801,
    0.051924947649240494,
    0.027292195707559586,
    -0.10704607516527176,
    0.02496802993118763,
    0.05091056972742081,
    -0.03643367812037468,
    0.0005204665358178318,
    -0.03463045135140419,
    0.04707632213830948,
    -0.08935153484344482,
    -0.01809437945485115,
    0.03334101289510727,
    0.0012584542855620384,
    0.00625927560031414,
    0.004053890239447355,
    -0.001982577843591571,
    0.006289516109973192,
    -0.0019334206590428948,
    0.003441545879468322
  ],
  "latent_std": [
    0.245102196931839,
    0.18143914639949799,
    0.26051896810531616,
    0.007780921179801226,
    0.19743788242340088,
    0.00957348383963108,
    0.22505316138267517,
    0.2633042633533478,
    0.00889758113771677,
    0.15333276987075806,
    0.0943618193268776,
    0.010162482038140297,
    0.007556781638413668,
    0.009791409596800804,
    0.00665094843134284,
    0.008645164780318737,
    0.29332128167152405,
    0.023486671969294548,
    0.008014432154595852,
    0.007560307625681162,
    0.008990229107439518,
    0.008780324831604958,
    0.2563663721084595,
    0.012229136191308498,
    0.00785597413778305,
    0.01286949310451746,
    0.19673983752727509,
    0.24568258225917816,
    0.27861976623535156,
    0.2484365850687027,
    0.21504457294940948,
    0.16533251106739044,
    0.21382319927215576,
    0.15362271666526794,
    0.2638928294181824,
    0.12590911984443665,
    0.21706609427928925,
    0.13327181339263916,
    0.225575789809227,
    0.14116308093070984,
    0.12813742458820343,
    0.009088591672480106,
    0.007052592467516661,
    0.007527804467827082,
    0.009229094721376896,
    0.009333088994026184,
    0.008582808077335358,
    0.007313800510019064
  ],
  "latent_var_mean": [
    1.8513423128752038e-05,
    3.385316449566744e-05,
    1.1461642316135112e-05,
    0.11221738904714584,
    3.4459459129720926e-05,
    0.09489019960165024,
    3.3990574593190104e-05,
    3.2023592211771756e-05,
    0.10415586084127426,
    1.3738576853938866e-05,
    0.0002752533764578402,
    0.11553522199392319,
    0.09813594073057175,
    0.09338261932134628,
    0.09966375678777695,
    0.0972953736782074,
    1.2383775356283877e-05,
    0.08977029472589493,
    0.09531179815530777,
    0.10252786427736282,
    0.09598176926374435,
    0.09762731939554214,
    3.3504496968816966e-05,
    0.09784483909606934,
    0.09730996936559677,
    0.10787082463502884,
    2.4467448383802548e-05,
    2.106816100422293e-05,
    1.3817999388265889e-05,
    2.078704346786253e-05,
    3.088972516707145e-05,
    2.917456004070118e-05,
    4.498927228269167e-05,
    4.9729969759937376e-05,
    2.7332631361787207e-05,
    7.18967494321987e-05,
    3.3823453122749925e-05,
    0.00013508243137039244,
    1.4505792933050543e-05,
    0.00010155672498513013,
    0.00013686534657608718,
    0.10256364196538925,
    0.10579944401979446,
    0.104364313185215,
    0.10112341493368149,
    0.10601430386304855,
    0.10218679904937744,
    0.09993753582239151
  ],
  "per_feature": {
    "feature_0": {
      "mse": 0.24254408478736877,
      "rmse": 0.4924876493754628,
      "mae": 0.28497904539108276,
      "r2": 0.692329466342926
    },
    "feature_1": {
      "mse": 0.07801322638988495,
      "rmse": 0.27930847890797184,
      "mae": 0.19372937083244324,
      "r2": 0.8291409611701965
    }
  }
}