{
  "mse": 0.2096754014492035,
  "rmse": 0.4579032664757956,
  "mae": 0.26606324315071106,
  "r2": 0.683887243270874,
  "kl_divergence": 0.0001964683033293113,
  "recon_loss": 0.21002374589443207,
  "total_loss": 0.21022021770477295,
  "latent_mean": [
    0.07699136435985565,
    0.005525197833776474,
    0.0032345030922442675,
    -0.038528162986040115,
    -0.008414383977651596,
    0.00149895332287997,
    0.1133611723780632,
    0.004457551520317793,
    -0.04977228119969368,
    0.007510847877711058,
    0.0006605114904232323,
    0.013047940097749233,
    -0.05291133373975754,
    0.028013436123728752,
    0.12252143025398254,
    -0.10154888778924942,
    0.1033889502286911,
    0.5434519648551941,
    -0.003437957726418972,
    0.0003391047357581556,
    -0.01433863677084446,
    -0.07300113886594772,
    -0.013239472173154354,
    0.010822766460478306,
    0.05597439035773277,
    0.009924852289259434,
    -0.28117772936820984,
    0.007571890484541655,
    0.020357340574264526,
    0.30022239685058594,
    0.0392405167222023,
    0.032323528081178665,
    0.6068413257598877,
    0.04206273704767227,
    -0.025586029514670372,
    0.058693911880254745,
    -0.030178764835000038,
    0.00926152989268303,
    -0.00284024840220809,
    -0.004779900889843702,
    -0.40381529927253723,
    0.6357707977294922,
    0.01419906597584486,
    0.007871918380260468,
    0.3571688234806061,
    -0.0046044085174798965,
    0.09470956027507782,
    -0.43248048424720764
  ],
  "latent_std": [
    0.2623782455921173,
    0.02353591099381447,
    0.021717490628361702,
    0.23188184201717377,
    0.032627809792757034,
    0.020787440240383148,
    0.5608523488044739,
    0.023148931562900543,
    0.5466750264167786,
    0.03235228732228279,
    0.03098754584789276,
    0.021122490987181664,
    0.47715482115745544,
    0.24349172413349152,
    0.4518671929836273,
    0.29269012808799744,
    0.42873281240463257,
    0.9748572707176208,
    0.023559343069791794,
    0.014294059947133064,
    0.021306997165083885,
    0.9883890151977539,
    0.019361859187483788,
    0.019196243956685066,
    0.6862903237342834,
    0.0321681909263134,
    0.9543474316596985,
    0.024393528699874878,
    0.020791206508874893,
    0.3381003141403198,
    0.3052647113800049,
    0.27909916639328003,
    0.9611330628395081,
    0.6570072174072266,
    0.031150028109550476,
    0.24314019083976746,
    0.34702643752098083,
    0.022225089371204376,
    0.2932364046573639,
    0.02207578532397747,
    0.38151583075523376,
    0.8323364853858948,
    0.22422975301742554,
    0.023104870691895485,
    0.760526716709137,
    0.31419286131858826,
    0.3842726945877075,
    0.8774757981300354
  ],
  "latent_var_mean": [
    0.0005301874480210245,
    0.15212634205818176,
    0.16612911224365234,
    0.000518549233675003,
    0.15652306377887726,
    0.17432807385921478,
    0.00022550243011210114,
    0.15229089558124542,
    6.406619650078937e-05,
    0.17954805493354797,
    0.17237910628318787,
    0.21601982414722443,
    0.00022833484399598092,
    0.0009225774556398392,
    0.00010538287460803986,
    0.00021701704827137291,
    0.0005248213419690728,
    9.664315439295024e-05,
    0.1462009698152542,
    0.16403912007808685,
    0.19041796028614044,
    7.806014764355496e-05,
    0.1569853574037552,
    0.16095590591430664,
    0.00014294678112491965,
    0.17924921214580536,
    0.0001917360641527921,
    0.1715565025806427,
    0.174249067902565,
    0.00024414213839918375,
    0.0005416100611910224,
    0.000390113506000489,
    0.00015586962399538606,
    0.0001722807064652443,
    0.1561995893716812,
    0.0006062848842702806,
    0.0001620965776965022,
    0.16555136442184448,
    0.0002859454252757132,
    0.17547409236431122,
    0.00015271527809090912,
    0.00010670628398656845,
    0.0010154558112844825,
    0.17117062211036682,
    0.00012162928032921627,
    0.00037375095416791737,
    0.0006069419905543327,
    0.00013637718802783638
  ],
  "per_feature": {
    "feature_0": {
      "mse": 0.32685190439224243,
      "rmse": 0.5717096329363731,
      "mae": 0.31940460205078125,
      "r2": 0.5730500221252441
    },
    "feature_1": {
      "mse": 0.09319563955068588,
      "rmse": 0.3052796088026285,
      "mae": 0.21282105147838593,
      "r2": 0.794195294380188
    }
  }
}