{
  "mse": 1.7139291763305664,
  "rmse": 1.3091711791551808,
  "mae": 0.7545467019081116,
  "r2": -2.384859800338745,
  "explained_variance": -1.458115577697754,
  "r2_mean": -1.2276878356933594,
  "rmse_mean": 1.1578952322164873,
  "r2_log_variance": -4.192143440246582,
  "rmse_log_variance": 1.4446922827296353
}