{
  "mse": 1.8962746858596802,
  "rmse": 1.3770528987151076,
  "mae": 0.7736935615539551,
  "r2": -2.656158924102783,
  "explained_variance": -1.673147439956665,
  "r2_mean": -0.9446128606796265,
  "rmse_mean": 1.1316686182375126,
  "r2_log_variance": -6.04563570022583,
  "rmse_log_variance": 1.584889558981733
}