{
  "mse": 1.7649273872375488,
  "rmse": 1.328505697103911,
  "mae": 0.7651121616363525,
  "r2": -2.5103278160095215,
  "explained_variance": -1.5204923152923584,
  "r2_mean": -1.234429121017456,
  "rmse_mean": 1.151106296065491,
  "r2_log_variance": -4.471018314361572,
  "rmse_log_variance": 1.4848595882270748
}