{
  "train_loss": [
    0.8051405596574676,
    0.7244159284224145,
    0.6932812655882978,
    0.691355808628754,
    0.6905216419221555,
    0.6901491481402388,
    0.689918318559165,
    0.6893152992590718,
    0.6883021947553387,
    0.6879087386535252,
    0.6891121188073459,
    0.6877723599589148,
    0.6872310816647602,
    0.6866783433380317,
    0.6866744221048894,
    0.686663803666137,
    0.6869409330857552,
    0.686780548471945,
    0.6743347332921139,
    0.6517166882456339,
    0.628850849462902,
    0.6074053569885584,
    0.6019084046647398,
    0.5952285687590755,
    0.588288557390834,
    0.5806974267642759,
    0.5753853287411687,
    0.5699942825838576,
    0.5638257674006528,
    0.5604860249943907,
    0.556984038646039,
    0.5547616688714075,
    0.5522988749500921,
    0.5502662180468093,
    0.5487956183891359,
    0.5468902762150052,
    0.5437736664697578,
    0.5411937130844078,
    0.5378083761942347,
    0.535749676912726,
    0.5313160116490335,
    0.529168801153221,
    0.529512725399182,
    0.525239722475261,
    0.5229007712630338,
    0.5225322636655003,
    0.5170130734625845,
    0.515604982146393,
    0.5141114732157749,
    0.513917093756191,
    0.5141322887023025,
    0.5092680712672959,
    0.5074876068636428,
    0.5075110689152119,
    0.5061593314143906,
    0.508316674501793,
    0.5044014119230632,
    0.49951190102932064,
    0.5001237700349864,
    0.4985484302637981,
    0.49804380506376095,
    0.49388963726667867,
    0.49280881505471924,
    0.48801841529896883,
    0.4859961023758416,
    0.48877659271721824,
    0.48487237927525545,
    0.48402639342304876,
    0.480915786320981,
    0.484526567185836,
    0.48143503287701905,
    0.4788590003287673,
    0.48009602532434303,
    0.4752399847158958,
    0.4730608782102895,
    0.47307672958041347,
    0.4717962397293395,
    0.47622836467831636,
    0.47225823354879487,
    0.4716677731057734,
    0.47129416782594596,
    0.4708115973345861,
    0.4705142193656427,
    0.4674405702126779,
    0.4653924848154138,
    0.4661384587272061,
    0.4635863253642554,
    0.4708653216148136,
    0.46524159248881164,
    0.46223429281054146,
    0.4619143710183939,
    0.45844481533944015,
    0.46317561787624295,
    0.46147742501128947,
    0.45770048946637254,
    0.45731122836322086,
    0.4548708687589018,
    0.4544742302443102,
    0.4540430368775149,
    0.4521927854349447
  ],
  "val_loss": [
    0.7430873907529391,
    0.6880204668411842,
    0.6866530546775231,
    0.6857157312906705,
    0.6880511916600741,
    0.6881070696390592,
    0.6964254241723281,
    0.685251928292788,
    0.6839867536838238,
    0.6844632194592403,
    0.6847562716557429,
    0.6848673976384676,
    0.6844681226290189,
    0.6843168093607976,
    0.6840768126341013,
    0.6841817562396709,
    0.6847980893575228,
    0.6842153292435866,
    0.6506467622060043,
    0.6365808477768531,
    0.6025748486702259,
    0.5866188365679521,
    0.586777598124284,
    0.5746621026442601,
    0.5655765808545626,
    0.565887745985618,
    0.5482416212558746,
    0.5438866092608525,
    0.537038006232335,
    0.5320722855054415,
    0.5333513232377859,
    0.5290084536258991,
    0.5327655242039607,
    0.5308385005364051,
    0.5176779962502993,
    0.5119608090474055,
    0.5219107650793515,
    0.5091104777959677,
    0.528018672649677,
    0.4924197614192963,
    0.49157366385826695,
    0.49859063212688154,
    0.4911218918286837,
    0.48700359784639796,
    0.48982955538309536,
    0.47001665922311636,
    0.4581259631193601,
    0.4524469508574559,
    0.4523531927512242,
    0.4494701156249413,
    0.5325636859123524,
    0.44172302255263696,
    0.4893724840420943,
    0.44676430913118215,
    0.46742763748535743,
    0.44443144385631267,
    0.43617666180317216,
    0.4576281542961414,
    0.4335856850330646,
    0.44864440514491155,
    0.4400166085133186,
    0.4314249543043283,
    0.4287848706428821,
    0.42356657339976383,
    0.41307761852557845,
    0.4172566024156717,
    0.4281574010848999,
    0.40918681988349326,
    0.4378005665082198,
    0.4105981285755451,
    0.41907534049107475,
    0.41654689587079563,
    0.39774272075066197,
    0.42411529284257155,
    0.40754696818498465,
    0.4107225720699017,
    0.4183189685528095,
    0.39950089958997875,
    0.41618972558241624,
    0.40048815103677604,
    0.4178770294556251,
    0.39238711962333095,
    0.39452930092811583,
    0.40431403701121993,
    0.38672051704846894,
    0.41918086730516874,
    0.42575842508902917,
    0.3997984060874352,
    0.3873888034086961,
    0.455030685204726,
    0.39035111344777623,
    0.40442571915113007,
    0.4019571895782764,
    0.4075893590083489,
    0.38610391800220195,
    0.3898266893166762,
    0.37411960363388064,
    0.38968554047437814,
    0.38836860702588005,
    0.37850009065407975
  ],
  "learning_rate": [
    0.001,
    0.001,
    0.001,
    0.001,
    0.001,
    0.001,
    0.001,
    0.001,
    0.001,
    0.001,
    0.001,
    0.001,
    0.001,
    0.001,
    0.001,
    0.001,
    0.001,
    0.001,
    0.001,
    0.001,
    0.001,
    0.001,
    0.001,
    0.001,
    0.001,
    0.001,
    0.001,
    0.001,
    0.001,
    0.001,
    0.001,
    0.001,
    0.001,
    0.001,
    0.001,
    0.001,
    0.001,
    0.001,
    0.001,
    0.001,
    0.001,
    0.001,
    0.001,
    0.001,
    0.001,
    0.001,
    0.001,
    0.001,
    0.001,
    0.001,
    0.001,
    0.001,
    0.001,
    0.001,
    0.001,
    0.001,
    0.001,
    0.001,
    0.001,
    0.001,
    0.001,
    0.001,
    0.001,
    0.001,
    0.001,
    0.001,
    0.001,
    0.001,
    0.001,
    0.001,
    0.001,
    0.001,
    0.001,
    0.001,
    0.001,
    0.001,
    0.001,
    0.001,
    0.001,
    0.001,
    0.001,
    0.001,
    0.001,
    0.001,
    0.001,
    0.001,
    0.001,
    0.001,
    0.001,
    0.001,
    0.001,
    0.001,
    0.001,
    0.001,
    0.001,
    0.001,
    0.001,
    0.001,
    0.001,
    0.001
  ],