{
  "mse": 0.12815558910369873,
  "rmse": 0.3579882527453921,
  "mae": 0.22752085328102112,
  "r2": 0.7533196210861206,
  "kl_divergence": 0.00020990219491068274,
  "recon_loss": 0.1283351480960846,
  "total_loss": 0.12854504585266113,
  "latent_mean": [
    -0.19645848870277405,
    -0.016713283956050873,
    0.011254126206040382,
    -0.0020461054518818855,
    -0.0015480072470381856,
    -0.3619260787963867,
    0.005490366369485855,
    0.13232338428497314,
    -0.0713014081120491,
    -0.008301657624542713,
    -0.12456446886062622,
    -0.0007178403902798891,
    0.0045296065509319305,
    -0.030251117423176765,
    0.08085913211107254,
    0.14007475972175598,
    -0.02594657428562641,
    0.022168202325701714,
    0.011541089974343777,
    0.0020519779063761234,
    -0.0056987847201526165,
    -0.023046717047691345,
    -0.09466824680566788,
    -0.07412099093198776,
    0.03578905761241913,
    -0.04063710942864418,
    -0.005602357443422079,
    -0.11558505892753601,
    0.010363481938838959,
    -0.0009645059471949935,
    0.001250424305908382,
    -0.03141387552022934,
    0.010522933676838875,
    0.005046539008617401,
    -0.008431140333414078,
    -0.06565116345882416,
    0.07984113693237305,
    -0.005935099441558123,
    -0.001133166253566742,
    0.023867908865213394,
    0.07397359609603882,
    0.004669551271945238,
    0.004947659559547901,
    -0.09672673791646957,
    0.017145894467830658,
    0.01516604796051979,
    -0.10871978849172592,
    -0.12436354905366898
  ],
  "latent_std": [
    0.31710729002952576,
    0.017780618742108345,
    0.023349806666374207,
    0.013853006064891815,
    0.013872752897441387,
    0.4493534564971924,
    0.01351596787571907,
    0.3750493824481964,
    0.47866111993789673,
    0.014242444187402725,
    0.43957674503326416,
    0.011213588528335094,
    0.015025815926492214,
    0.27196189761161804,
    0.41631177067756653,
    0.5826020836830139,
    0.01887386292219162,
    0.2272198349237442,
    0.27242356538772583,
    0.011617403477430344,
    0.29575446248054504,
    0.2831909954547882,
    0.3126402795314789,
    0.3261306583881378,
    0.4089152216911316,
    0.37959346175193787,
    0.025497613474726677,
    0.4124932289123535,
    0.01101690623909235,
    0.009838531725108624,
    0.013521835207939148,
    0.20851115882396698,
    0.012215005233883858,
    0.1854347139596939,
    0.2491360604763031,
    0.3367690145969391,
    0.4052027761936188,
    0.02852407842874527,
    0.019127478823065758,
    0.20868729054927826,
    0.3452879786491394,
    0.01838960312306881,
    0.014584742486476898,
    0.3969484865665436,
    0.014842841774225235,
    0.014144733548164368,
    0.36219996213912964,
    0.37891077995300293
  ],
  "latent_var_mean": [
    8.275800792034715e-05,
    0.0725352019071579,
    0.07149697840213776,
    0.07330837100744247,
    0.06628524512052536,
    2.24200794036733e-05,
    0.0661444142460823,
    2.0956245862180367e-05,
    6.04246451985091e-05,
    0.0781748816370964,
    5.88080110901501e-05,
    0.0770656019449234,
    0.06875232607126236,
    0.00019101168436463922,
    1.674791201367043e-05,
    7.097155321389437e-05,
    0.06804271042346954,
    0.0001338536967523396,
    0.00013630952162202448,
    0.07720240205526352,
    7.265164458658546e-05,
    0.00011236400314373896,
    2.6267476641805843e-05,
    6.0875321651110426e-05,
    2.602290805953089e-05,
    7.087516860337928e-05,
    0.07289158552885056,
    5.4424712288891897e-05,
    0.07568120211362839,
    0.07628404349088669,
    0.061319924890995026,
    0.0003170902200508863,
    0.07342389971017838,
    0.0007646402227692306,
    0.0002244750503450632,
    7.51432089600712e-05,
    7.158749212976545e-05,
    0.0718817189335823,
    0.06584233045578003,
    0.0011009908048436046,
    5.3769068472320214e-05,
    0.06694330275058746,
    0.07508412003517151,
    3.6297671613283455e-05,
    0.07785111665725708,
    0.0748358815908432,
    0.00013963166566099972,
    4.947476554661989e-05
  ],
  "per_feature": {
    "feature_0": {
      "mse": 0.1716558039188385,
      "rmse": 0.414313654033799,
      "mae": 0.24976922571659088,
      "r2": 0.6892088651657104
    },
    "feature_1": {
      "mse": 0.08501448482275009,
      "rmse": 0.29157243495013396,
      "mae": 0.2053576409816742,
      "r2": 0.8170858025550842
    }
  }
}