{
  "mse": 1.3074475526809692,
  "rmse": 1.1434367287615739,
  "mae": 0.7616227269172668,
  "r2": -1.57574462890625,
  "explained_variance": -0.5019278526306152,
  "r2_mean": -0.49123096466064453,
  "rmse_mean": 1.031606381421063,
  "r2_log_variance": -4.934152126312256,
  "rmse_log_variance": 1.2452642855051692
}